product_id,name,category,subcategory,price
#NK1,Self-enabling systemic function,Toy,Dolls,$16.68
#NK2,Mandatory bifurcated middleware,Fashion,Women,$177.75
#NK3,Visionary multimedia Graphical User Interface,Fashion,Kids,$88.07
#NK4,Face-to-face analyzing concept,Automotive,-Accessories,$167.25
#NK5,Expanded impactful installation,Toy,Dolls,$70.43
#NK6,Synergized foreground instruction set,Toys,Action Figures,$71.78
#NK7-,Expanded context-sensitive system engine,Electronics,Mobile,$657.57
#NK8,Front-line explicit methodology,Toys,Board Games,59.32
#NK9,Face-to-face non-volatile Graphic Interface,Sports,Outdoor,445.29
#NK10,Ameliorated zero tolerance collaboration,Electronics,Computers,$1080.13
#NK11,Public-key actuating budgetary management,Toys,Board Games,57.43
#NK12,Re-engineered context-sensitive orchestration,Automotive,Tools,$272.23
#NK13,Persevering clear-thinking adapter,Toy,Board Games,40.33
#NK14,Realigned bifurcated Local Area Network,Sports,Outdoor,$253.05
#NK15,Enterprise-wide 3rdgeneration process improvement,Electronics,Mobile,165.96
#NK16,Profound regional database,Toys,Dolls,$59.74
#NK17,Diverse hybrid Local Area Network,Fashion,Women,$49.82
#NK18,Synergized systemic customer loyalty,Sports,Swimming,68.72
#NK19,Phased 4thgeneration paradigm,Fashion,Women,59.1
#NK20,User-friendly even-keeled Internet solution,Fashion,Women,$107.4
#NK21,Reverse-engineered intangible pricing structure,Toys,Dolls,$58.06
#NK22,Open-source web-enabled matrix,Sports,Gym,313.27
#NK23,Automated contextually-based contingency,Electronic,Mobile,$666.38
#NK24,Robust methodical migration,Electronic,TV,$1237.36
#NK25,Open-source bottom-line paradigm,Toys,Action Figures,$70.02
#NK26,Re-contextualized mission-critical open architecture,Toys,Action Figures,$88.68
#NK27,Pre-emptive multi-tasking portal,Automotive,-Accessories,24.68
#NK28-,Persevering local throughput,Fashion,Women,$155.97
#NK29,Balanced stable superstructure,Automotive,Parts,$182.15
#NK30,Reactive reciprocal info-mediaries,Electronics,Computers,1253.64
#NK31,Sharable transitional moderator,Automotive,-Accessories,196.6
#NK32,Distributed client-server flexibility,Electronics,Computers,736.49
#NK33,Up-sized static system engine,Fashion,Women,$198.9
#NK34,Focused transitional portal,Electronics,TV,$862.09
#NK35,Sharable directional pricing structure,Electronic,TV,905.63
#NK36,Organized intermediate circuit,Automotive,Parts,287.09
#NK37,Right-sized non-volatile knowledgebase,Electronics,Mobile,660.57
#NK38,Enhanced reciprocal firmware,Automotive,Tools,$110.53
#NK39,Ergonomic asymmetric standardization,Toys,Action Figures,51.57
#NK40-,Streamlined clear-thinking neural-net,Sports,Outdoor,$181.53
#NK41,Persevering scalable alliance,Electronics,Mobile,560.27
#NK42,Synergistic 3rdgeneration open architecture,Electronics,TV,1866.69
#NK43,User-centric uniform collaboration,Sport,Outdoor,$393.05
#NK44,Public-key multi-state forecast,Sports,Outdoor,$372.93
#NK45,Profound reciprocal capability,Sports,Swimming,33.01
#NK46,Distributed stable neural-net,Automotive,Parts,286.18
#NK47,Decentralized background standardization,Toys,Board Games,50.64
#NK48,Public-key needs-based knowledgebase,Fashion,Men,$140.99
#NK49,Public-key 24/7 methodology,Automotive,Parts,223.3
#NK50,Digitized responsive ability,Electronic,Computers,1788.38
#NK51,Profit-focused transitional throughput,Toys,Action Figures,$27.09
#NK52,Fully-configurable tertiary model,Electronics,Mobile,784.78
#NK53,Universal methodical complexity,Sport,Outdoor,$50.92
#NK54,Open-source non-volatile strategy,Sport,Outdoor,201.66
#NK55-,Synergized interactive moratorium,Sports,Outdoor,439.46
#NK56,Enterprise-wide secondary attitude,Automotive,Tools,$392.47
#NK57,Realigned high-level model,Electronics,Mobile,723.54
#NK58,Progressive real-time capability,Toys,Dolls,44.36
#NK59,Vision-oriented fault-tolerant time-frame,Toy,Board Games,88.1
#NK60,Enterprise-wide intermediate data-warehouse,Toy,Board Games,$99.46
#NK61,Vision-oriented non-volatile workforce,Toy,Action Figures,$83.21
#NK62,Assimilated content-based data-warehouse,Toys,Board Games,40.56
#NK63-,Automated homogeneous orchestration,Automotive,Parts,$363.98
#NK64,Assimilated human-resource system engine,Fashion,Kids,$19.4
#NK65,Face-to-face responsive access,Toys,Dolls,$40.91
#NK66,Persistent transitional database,Fashion,Kids,$46.81
#NK67,Enhanced tertiary moderator,Toy,Action Figures,79.17
#NK68,Inverse intermediate capacity,Fashion,Kids,$54.61
#NK69,Monitored systematic Graphical User Interface,Electronics,Computers,$532.08
#NK70,Visionary cohesive model,Automotive,Parts,$372.17
#NK71,Virtual client-server middleware,Fashion,Men,191.2
#NK72,Expanded zero tolerance superstructure,Automotive,Tools,$200.35
#NK73,Grass-roots stable matrix,Toys,Board Games,65.73
#NK74,Ameliorated optimizing attitude,Toys,Dolls,$54.07
#NK75,Synergized 4thgeneration encoding,Toys,Action Figures,$79.29
#NK76,Total 24/7 focus group,Toys,Action Figures,$79.62
#NK77,Sharable real-time hierarchy,Fashion,Kids,$21.61
#NK78,Extended real-time functionalities,Electronics,TV,$699.46
#NK79,Configurable next generation moderator,Fashion,Men,162.12
#NK80,Automated full-range circuit,Fashion,Men,$164.13
#NK81,User-centric mission-critical core,Automotive,-Accessories,13.18
#NK82,Face-to-face high-level leverage,Fashion,Women,98.36
#NK83,Cross-platform foreground help-desk,Electronics,Computers,$674.05
#NK84,Organic dynamic methodology,Automotive,-Accessories,36.37
#NK85,Multi-channeled methodical website,Automotive,Parts,307.04
#NK86,Open-architected 24/7 analyzer,Automotive,Tools,$299.22
#NK87,Operative responsive function,Toy,Dolls,80.95
#NK88,Multi-channeled object-oriented portal,Electronics,TV,$336.09
#NK89,Open-architected 5thgeneration standardization,Fashion,Men,$108.71
#NK90,Automated bifurcated model,Automotive,-Accessories,108.87
#NK91,Profound incremental definition,Sports,Swimming,$128.05
#NK92,Cloned reciprocal middleware,Automotive,-Accessories,$155.27
#NK93-,Customer-focused 5thgeneration parallelism,Electronic,TV,1192.24
#NK94,Seamless directional conglomeration,Sports,Outdoor,$132.4
#NK95,Public-key multi-state Internet solution,Toy,Board Games,$99.3
#NK96,Customer-focused global hierarchy,Automotive,Tools,$156.53
#NK97,Virtual zero-defect orchestration,Toys,Action Figures,33.41
#NK98,Robust grid-enabled monitoring,Sports,Gym,455.82
#NK99-,Operative content-based strategy,Sports,Outdoor,79.33
#NK100,Multi-channeled regional parallelism,Toy,Action Figures,$51.63
